{
  "id": "npc-chatter",
  "title": "NPC Chatter",
  "description": "Your NPCs have things to say",
  "version": "2.3.1",

  "compatibility": {
    "minimum": 11,
    "verified": "11"
  },
  "scripts": [
    "./npcchatter.js"
  ],
  "packs": [
    {
      "name": "npc-chatter",
      "label": "NPC Chatter",
      "path": "./packs/npc-chatter.db",
      "type": "Macro"
    }],
  "authors": [
    {
      "name": "Cody Swendrowski",
      "email": "cody@swendrowski.us"
    }
  ],
  "socket": true,
  "url": "https://github.com/evak2979/npcchat",
  "manifest": "https://raw.githubusercontent.com/evak2979/npcchat/master/module.json",
  "download": "https://github.com/evak2979/npcchat/releases/download/v2.2.0/npcchatter.zip"
}
